insulator	start	end	sequence
gypsy	54	223	AAAGTAAAATTTTGTTGCATACCTTATCAAAAAATAAGTGCTGCATACTTTTTAGAGAAACCAAATAATTTTTTATTGCATACCCGTTTTTAATAAAATACATTGCATACCCTCTTTTAATAAAAAATATTGCATACTTTGACGAAACAAATTTTCGTTGCATACCCAAT
TBS	756	925	GCAGCAACAGATATGACAGCTTTTACAGTGACCATTTTGGCCACTGGAGAAAAAGTTTCATGGTAGTCAAGGCCTTCTTGCTGAGTGTATCCCTTGGCCACTAGCCTTGCCTTAAACCTGTCAACTTCACCATTAGCTTTGTATTTAATTTTGTACACCCATTTGGACCC
gypsy	1	170	CACGTAATAAGTGTGCGTTGAATTTATTCGCAAAAACATTGCATATTTTCGGCAAAGTAAAATTTTGTTGCATACCTTATCAAAAAATAAGTGCTGCATACTTTTTAGAGAAACCAAATAATTTTTTATTGCATACCCGTTTTTAATAAAATACATTGCATACCCTCTTT
UASrpg	157	326	TTTTGATGGCCGCACGGCGCGAACGAAAAATTACGGCTCCTCGCTGCAGACCTGCGAGCAGGGAAACGCTCCCCTCACAGACGCGTTGAATTCTCCCCACGGCGCGCCCCTGTAGAGAAATATAAAAGGTTAGGATTTGCCACTGAGGTTCTTCTTTCATATACTTCCTT
lambda-EXOB	415	584	CCCATGTTTTATCCAGGGCGATCAGCAGAGTGTTAATCTCCTGCATGGTTTCATCGTTAACCGGAGTGATGTCGCGTTCCGGCTGACGTTCTGCAGTGTATGCAGTATTTTCGACAATGCGCTCGGCTTCATCCTTGTCATAGATACCAGCAAATCCGAAGGCCAGACGG
lambda-EXOB	1	170	AATTCAAACAGGGTTCTGGCGTCGTTCTCGTACTGTTTTCCCCAGGCCAGTGCTTTAGCGTTAACTTCCGGAGCCACACCGGTGCAAACCTCAGCAAGCAGGGTGTGGAAGTAGGACATTTTCATGTCAGGCCACTTCTTTCCGGAGCGGGGTTTTGCTATCACGTTGTG
beta-phaseolin	1712	1881	TAATTGCTACTGGTATCACTTGTTTCTTCTTGCAGAAATAATGGTAATGAGTTTTTTTATAATTTCAGGGAGCGCCATACTCGTCTTGGTGAAACCTGATGATCGCAGAGAGTACTTCTTCCTTACGCAAGGCGATAACCCGATATTCTCTGATAACCAGAAAATCCCTG
lambda-EXOB	332	501	TACTGCTTCGGCCTGTGTCAGTTCTGACGATGCACGAATGTCGCGGCGAAATATCTGGGAACAGAGCGGCAATAAGTCGTCATCCCATGTTTTATCCAGGGCGATCAGCAGAGTGTTAATCTCCTGCATGGTTTCATCGTTAACCGGAGTGATGTCGCGTTCCGGCTGAC
lambda-EXOB	166	335	TTGTGAACTTCTGAAGCGGTGATGACGCCGAGCCGTAATTTGTGCCACGCATCATCCCCCTGTTCGACAGCTCTCACATCGATCCCGGTACGCTGCAGGATAATGTCCGGTGTCATGCTGCCACCTTCTGCTCTGCGGCTTTCTGTTTCAGGAATCCAAGAGCTTTTACT
beta-phaseolin	1395	1564	TGATGAGAGCAAGGGTTCCACTCCTGTTGCTGGGAATTCTTTTCCTGGCATCACTTTCTGCCTCATTTGCCACTTCACTCCGGGAGGAGGAAGAGAGCCAAGATAACCCCTTCTACTTCAACTCTGACAACTCCTGGAACACTCTATTCAAAAACCAATATGGTCACATT
beta-phaseolin	1633	1802	GTTCAGGTCCAAACCCGAAACCCTCCTTCTTCCTCAGCAGGCTGATGCTGAGTTACTCCTAGTTGTCCGTAGTGGTAAGTAATTGCTACTGGTATCACTTGTTTCTTCTTGCAGAAATAATGGTAATGAGTTTTTTTATAATTTCAGGGAGCGCCATACTCGTCTTGGTG
lambda-EXOB	83	252	TGCAAACCTCAGCAAGCAGGGTGTGGAAGTAGGACATTTTCATGTCAGGCCACTTCTTTCCGGAGCGGGGTTTTGCTATCACGTTGTGAACTTCTGAAGCGGTGATGACGCCGAGCCGTAATTTGTGCCACGCATCATCCCCCTGTTCGACAGCTCTCACATCGATCCCG
beta-phaseolin	1791	1960	CTCGTCTTGGTGAAACCTGATGATCGCAGAGAGTACTTCTTCCTTACGCAAGGCGATAACCCGATATTCTCTGATAACCAGAAAATCCCTGCAGGAACCATTTTCTATTTGGTTAACCCTGACCCCAAAGAGGATCTCAGAATAATCCAACTCGCCATGCCCGTTAACAA
beta-phaseolin	2266	2435	ATATGTTTGCATGATTTTTATAGAGCAAATTCGAGGAGATCAACAGGGTTCTGTTTGAAGAGGAGGGACAGCAAGAGGGAGTGATTGTGAACATTGATTCTGAACAGATTGAGGAACTGAGCAAACATGCAAAATCTAGTTCAAGGAAATCCCATTCCAAACAAGATAAC
TBS	588	757	CTGCCTTGATGCTTGCTTTAAACCATAGAGGGATTCAACAGCCTGCACACTTTGGACTCCCCTTGGCTGTGAAAACCCTGAGGCAGAGACATATAAACTTCTTCCATGAGGTCACCTTGTAGAAAAGCATTGTTGACATCCATCTGGAAAAGGAACCAGCCCTTGGAAGC
lambda-EXOB	249	418	CCCGGTACGCTGCAGGATAATGTCCGGTGTCATGCTGCCACCTTCTGCTCTGCGGCTTTCTGTTTCAGGAATCCAAGAGCTTTTACTGCTTCGGCCTGTGTCAGTTCTGACGATGCACGAATGTCGCGGCGAAATATCTGGGAACAGAGCGGCAATAAGTCGTCATCCCA
beta-phaseolin	2345	2514	AGTGATTGTGAACATTGATTCTGAACAGATTGAGGAACTGAGCAAACATGCAAAATCTAGTTCAAGGAAATCCCATTCCAAACAAGATAACACAATTGGAAACGAATTTGGAAACCTGACTGAGAGGACCGATAACTCCTTGAATGTGTTAATCAGTTCTATAGAGATGA
lambda-EXOB	829	998	CGCCCACCACCGGAACGATGCCATTCTGCTTATCAGGAAAGGCGTAAATTTCTTTCGTCCACGGATTAAGGCCGTACTGGTTGGCAACGATCAGTAATGCGATGAACTGCGCATCGCTGGCATCACCTTTAAATGCCGTCTGGCGAAGAGTGGTGATCAGTTCCTGTGGG
TBS	1681	1850	TGGCTCTAGGTGCAAGTTTGTCACCTTTGGGCAGTGTTGCTGCAAAAGCAAGACACCCAAACACTCTCAAGTGATCAAGCTTGGCATGTTTCTGATAGAGTAGTTCATATGGACATTTGCCTTGTAAGATTGGAGTAGGGAGTCTATTGATCAGGTATACAACAGTCTTG
sIns2	335	504	ATCAAGAAGTACCCAGCACTGGAAAGCGAGTTCGTGTACGGAGACTACAAGGTCTACGACGTGCGCAAGATGATTGCCAAATCTGAGCAGGAGATCGGAAAGGCCACCGCAAAGTACTTCTTCTACAGCAACATCATGAATTTCTTCAAGACCGAAATCACCCTTGCAAA
TBS	1765	1934	CATGTTTCTGATAGAGTAGTTCATATGGACATTTGCCTTGTAAGATTGGAGTAGGGAGTCTATTGATCAGGTATACAACAGTCTTGACACAGTCTCCCCAAAACCTGGTAGGTACACCACTCTGAAACTTAAGTGCCCTTGCCATCTCAAGGATGTGTCTGTGCTTTCTC
TBS	252	421	TGGGGTTGACACTGGTCTGCAGCCTCCCAGACCAACACCTGATATCAGTTCCAGTGCATACTTCCTCTGGTTCAGTAGGATTCCCTTTTCTGATCTCAGCACCTCAATGCCTAAGAAGTATTTTAGTTCTCCCAAATCTTTCATCTTGAAATGCTGATGCAGGGTTGCCT
BEAD-1C	246	415	GCCCAGGCCTGCACTGCCGCCTGCCGGCAGGGGTCCAGTCCACGAGTCCCAGCTCCCTGCTGGCGGAAGTCCATTTCAGAGCTTCCGGTTCTCCCAAGTCCAAGGATTATGCTCACTCCCCACCCACAGTCTCTTAGTGTCTGTCCCTGCTCTAAAGATGTTGTCTGGGC
beta-phaseolin	3058	3227	AAGACGTGTTGGGGCTTACGTTCTCTGGGTCTGGTGAAGAAGTTATGAAGCTGATCAACAAGCAGAGTGGATCGTACTTTGTGGATGGACACCATCACCAACAGGAACAGCAAAAGGGAAGTCACCAACAGGAACAGCAAAAGGGAAGAAAGGGTGCATTTGTGTACTGA
lambda-EXOB	663	832	CGAGTTTTGAATGGTTCGCGGCGGCATTCATCCATCCATTCGGTAACGCAGATCGGATGATTACGGTCCTTGCGGTAAATCCGGCATGTACAGGATTCATTGTCCTGCTCAAAGTCCATGCCATCAAACTGCTGGTTTTCATTGATGATGCGGGACCAGCCATCAACGCC
beta-phaseolin	1148	1317	CACAACCACCTGTATATATTCATTCTCTTCCGCCACCTCAATTTCTTCACTTCAACACACGTCAACCTGCATATGCGTGTCATCCCATGCCCAAATCTCCATGCATGTTCCAACCACCTTCTCTCTTATATAATACCTATAAATACCCCTAATATCACTCACTTCTTTCA
sIns1	54	223	AAGGATCTTACCGCTGTTGAGATCCAGTTCGATGTAACCCACTCGTGCACCCAACTGATCTTCAGCATCTTTTACTTTCACCAGCGTTTCTGGGTGAGCAAAAACAGGAAGGCAAAATGCCGCAAAAAAGGGAATAAGGGCGACACGGAAATGTTGAATACTCATACTCT
beta-phaseolin	2741	2910	GGAAATAAGGAAACCTTGGAATTTGAGAGCTACAGAGCTGAGCTTTCTAAAGACGATGTATTTGTAATCCCAGCAGCATATCCAGTTGCCATCAAGGCTACCTCCAACGTGAATTTCACTGGTTTCGGTATCAATGCTAATAACAACAATAGGAACCTCCTTGCAGGTAT
beta-phaseolin	383	552	GAATAAAAAAATCCAATTATCATTGTATTTTTTTTATACAATGAAAATTTCACCAAACAATGATTTGTGGTATTTCTGAAGCAAGTCATGTTAATGCAAAATTCTATAATTCACATTTGACACTACGGAAGTGACTGAAAATCTGTTTTTACATGCGAGACACATCAATT
beta-phaseolin	230	399	ATATTTTAAAAATATATTTATCAAATATTTTTCAACCACGTAAATCTCATAATAATAAGTTGTTTCAAAAGTAATAAAATTTAACTCCATAATTTTTTTATTTGACTGATCTTAAAGCAACACCCAGTGACACAACTAGTAATTTTTTTCTTTGAATAAAAAAATCCAAT
beta-phaseolin	3454	3623	CTTTTTAGTTTAAAATATTTATATTATTATAAAGAGAAATAAACAAAGGATGTTATGATATATTAACACTATATGTACCTTACATAGTAATATATTAATATTTAATACTTTTTATTTTAACTTTTTAATTTAAAATATTATTATAAATGATGCTTGTGTTTTATGTGTTG
beta-phaseolin	1317	1486	ATCATCCATCCATCCAGAGTACTACTACTCTACTACTATAATACCCCAACCCAACTCATATTCAATACTACTCTACTATGATGAGAGCAAGGGTTCCACTCCTGTTGCTGGGAATTCTTTTCCTGGCATCACTTTCTGCCTCATTTGCCACTTCACTCCGGGAGGAGGAA
